Datetime,Water Level (m)
2025-05-23 12:00:00,-5.101
2025-05-23 13:00:00,-5.101
2025-05-23 14:00:00,-5.101
2025-05-23 15:00:00,-5.101
2025-05-23 16:00:00,-5.101
2025-05-23 17:00:00,-5.101
2025-05-23 18:00:00,-5.101
2025-05-23 19:00:00,-5.101
2025-05-23 20:00:00,-5.101
2025-05-23 21:00:00,-5.101
2025-05-23 22:00:00,-5.101
2025-05-23 23:00:00,-5.101
2025-05-24 00:00:00,-5.101
2025-05-24 01:00:00,-5.101
2025-05-24 02:00:00,-5.101
2025-05-24 03:00:00,-0.049757507
2025-05-24 04:00:00,0.12792495
2025-05-24 05:00:00,0.13070534
2025-05-24 06:00:00,0.13321403
2025-05-24 07:00:00,0.13933006
2025-05-24 08:00:00,0.14713435
2025-05-24 09:00:00,0.15351406
2025-05-24 10:00:00,0.15956491
2025-05-24 11:00:00,0.16009444
2025-05-24 12:00:00,0.1659138
2025-05-24 13:00:00,0.16942409
2025-05-24 14:00:00,0.17669407
2025-05-24 15:00:00,0.18307662
2025-05-24 16:00:00,0.18915096
2025-05-24 17:00:00,0.19614942
2025-05-24 18:00:00,0.20271887
2025-05-24 19:00:00,0.20841058
2025-05-24 20:00:00,0.21388705
2025-05-24 21:00:00,0.21964309
2025-05-24 22:00:00,0.22539955
2025-05-24 23:00:00,0.23181958
2025-05-25 00:00:00,0.25061676
2025-05-25 01:00:00,0.2685911
2025-05-25 02:00:00,0.28380257
2025-05-25 03:00:00,0.29740587
2025-05-25 04:00:00,0.30994564
2025-05-25 05:00:00,0.3216135
2025-05-25 06:00:00,0.3323845
2025-05-25 07:00:00,0.3425498
2025-05-25 08:00:00,0.3519656
2025-05-25 09:00:00,0.3605659
2025-05-25 10:00:00,0.36846358
2025-05-25 11:00:00,0.37616214
2025-05-25 12:00:00,0.3842796
2025-05-25 13:00:00,0.39287257
2025-05-25 14:00:00,0.40177384
2025-05-25 15:00:00,0.41111386
2025-05-25 16:00:00,0.42070547
2025-05-25 17:00:00,0.43026286
2025-05-25 18:00:00,0.44010076
2025-05-25 19:00:00,0.4503145
2025-05-25 20:00:00,0.46097344
2025-05-25 21:00:00,0.47161123
2025-05-25 22:00:00,0.48194346
2025-05-25 23:00:00,0.4921166
2025-05-26 00:00:00,0.5022604
2025-05-26 01:00:00,0.51296747
2025-05-26 02:00:00,0.52411467
2025-05-26 03:00:00,0.5349079
2025-05-26 04:00:00,0.54549605
2025-05-26 05:00:00,0.5561513
2025-05-26 06:00:00,0.5657772
2025-05-26 07:00:00,0.5737865
2025-05-26 08:00:00,0.58185357
2025-05-26 09:00:00,0.5896083
2025-05-26 10:00:00,0.5967034
2025-05-26 11:00:00,0.6029721
2025-05-26 12:00:00,0.6098901
2025-05-26 13:00:00,0.61759365
2025-05-26 14:00:00,0.6257238
2025-05-26 15:00:00,0.63333994
2025-05-26 16:00:00,0.64103055
2025-05-26 17:00:00,0.6491449
2025-05-26 18:00:00,0.6575799
2025-05-26 19:00:00,0.6659199
2025-05-26 20:00:00,0.6741849
2025-05-26 21:00:00,0.68224657
2025-05-26 22:00:00,0.69022256
2025-05-26 23:00:00,0.6980479
2025-05-27 00:00:00,0.7056875
2025-05-27 01:00:00,0.7127938
2025-05-27 02:00:00,0.71954817
2025-05-27 03:00:00,0.7265433
2025-05-27 04:00:00,0.7333566
2025-05-27 05:00:00,0.7399587
2025-05-27 06:00:00,0.7464984
2025-05-27 07:00:00,0.7526954
2025-05-27 08:00:00,0.75849825
2025-05-27 09:00:00,0.76363033
2025-05-27 10:00:00,0.7681041
2025-05-27 11:00:00,0.7707497
2025-05-27 12:00:00,0.7747198
2025-05-27 13:00:00,0.77981514
2025-05-27 14:00:00,0.7846143
2025-05-27 15:00:00,0.7892907
2025-05-27 16:00:00,0.7940318
2025-05-27 17:00:00,0.798946
2025-05-27 18:00:00,0.80540276
2025-05-27 19:00:00,0.81262475
2025-05-27 20:00:00,0.81953776
2025-05-27 21:00:00,0.8260005
2025-05-27 22:00:00,0.8319411
2025-05-27 23:00:00,0.8371764
2025-05-28 00:00:00,0.8430066
2025-05-28 01:00:00,0.84837395
2025-05-28 02:00:00,0.8532602
2025-05-28 03:00:00,0.85645705
2025-05-28 04:00:00,0.85854685
2025-05-28 05:00:00,0.8633457
2025-05-28 06:00:00,0.86693484
2025-05-28 07:00:00,0.8696382
2025-05-28 08:00:00,0.8692861
2025-05-28 09:00:00,0.86829644
2025-05-28 10:00:00,0.87072504
2025-05-28 11:00:00,0.87535536
2025-05-28 12:00:00,0.8790208
2025-05-28 13:00:00,0.8834819
2025-05-28 14:00:00,0.8888179
2025-05-28 15:00:00,0.89249045
2025-05-28 16:00:00,0.89566034
2025-05-28 17:00:00,0.9020132
2025-05-28 18:00:00,0.9102343
2025-05-28 19:00:00,0.92035556
2025-05-28 20:00:00,0.93134266
2025-05-28 21:00:00,0.9415814
2025-05-28 22:00:00,0.9519132
2025-05-28 23:00:00,0.9632864
2025-05-29 00:00:00,0.974771
2025-05-29 01:00:00,0.98589
2025-05-29 02:00:00,0.9950452
2025-05-29 03:00:00,1.0028331
2025-05-29 04:00:00,1.0119605
2025-05-29 05:00:00,1.0220234
2025-05-29 06:00:00,1.0317305
2025-05-29 07:00:00,1.0411643
2025-05-29 08:00:00,1.0481453
2025-05-29 09:00:00,1.0537616
2025-05-29 10:00:00,1.0599521
2025-05-29 11:00:00,1.0665078
2025-05-29 12:00:00,1.0730968
